{"cameraMode":{"drawMode":0,"name":"Shaded","section":"Shading Mode"},"sceneLighting":true,"audioPlay":false,"sceneViewState":{"m_AlwaysRefresh":false,"showFog":true,"showSkybox":true,"showFlares":true,"showImageEffects":true,"showParticleSystems":true,"showVisualEffectGraphs":true,"m_FxEnabled":true},"in2DMode":false,"pivot":{"x":57.67508316040039,"y":-25.111509323120118,"z":-229.92153930664063},"rotation":{"x":0.004746973514556885,"y":0.9949997663497925,"z":-0.057083699852228168,"w":0.08225708454847336},"size":118.17211151123047,"orthographic":false}