{"cameraMode":{"drawMode":0,"name":"Shaded","section":"Shading Mode"},"sceneLighting":true,"audioPlay":false,"sceneViewState":{"m_AlwaysRefresh":false,"showFog":true,"showSkybox":true,"showFlares":true,"showImageEffects":true,"showParticleSystems":true,"showVisualEffectGraphs":true,"m_FxEnabled":true},"in2DMode":false,"pivot":{"x":20.52638053894043,"y":1.9895402193069459,"z":-2.6887929439544679},"rotation":{"x":-0.019830811768770219,"y":-0.9654898047447205,"z":0.07721970230340958,"w":-0.247964009642601},"size":3.4481606483459474,"orthographic":false}